/*
Navicat MySQL Data Transfer

Source Server         : 本地
Source Server Version : 50729
Source Host           : localhost:3306
Source Database       : result

Target Server Type    : MYSQL
Target Server Version : 50729
File Encoding         : 65001

Date: 2020-03-22 18:43:18
*/

SET FOREIGN_KEY_CHECKS=0;

-- ----------------------------
-- Table structure for eva_model_guide
-- ----------------------------
DROP TABLE IF EXISTS `eva_model_guide`;
CREATE TABLE `eva_model_guide` (
  `time` int(11) NOT NULL,
  `type` varchar(10) NOT NULL,
  `version` int(11) NOT NULL,
  PRIMARY KEY (`time`,`type`)
) ENGINE=InnoDB DEFAULT CHARSET=utf8;

-- ----------------------------
-- Records of eva_model_guide
-- ----------------------------
INSERT INTO `eva_model_guide` VALUES ('1584845380', 'tur', '20200001');

-- ----------------------------
-- Table structure for eva_model_tur_20200001_leaf
-- ----------------------------
DROP TABLE IF EXISTS `eva_model_tur_20200001_leaf`;
CREATE TABLE `eva_model_tur_20200001_leaf` (
  `id` int(11) NOT NULL,
  `name` varchar(30) NOT NULL,
  `father` int(11) NOT NULL,
  `weight` tinyint(2) NOT NULL,
  `state` tinyint(1) NOT NULL,
  `stan_description` varchar(300) NOT NULL,
  `points` varchar(1000) NOT NULL,
  PRIMARY KEY (`id`)
) ENGINE=InnoDB DEFAULT CHARSET=utf8;

-- ----------------------------
-- Records of eva_model_tur_20200001_leaf
-- ----------------------------
INSERT INTO `eva_model_tur_20200001_leaf` VALUES ('10101', '尾水管进口压力脉动', '101', '5', '1', '{压力脉动满足要求}{-}{超出合同值}', '{S[1]|B|56，float；0，bool；}{S[2]|B|768，float；0，bool；}{S[3]|B|1480，float；0，bool；}{S[4]|B|2192，float；0，bool；}');
INSERT INTO `eva_model_tur_20200001_leaf` VALUES ('10102', '尾水锥管出口压力脉动', '101', '5', '1', '{压力脉动满足要求}{-}{超出合同值}', '{S[1]|B|57，float；0，bool；}{S[2]|B|769，float；0，bool；}{S[3]|B|1481，float；0，bool；}{S[4]|B|2193，float；0，bool；}');
INSERT INTO `eva_model_tur_20200001_leaf` VALUES ('10103', '尾水肘管压力脉动', '101', '5', '1', '{压力脉动满足要求}{-}{超出合同值}', '{S[1]|B|58，float；0，bool；}{S[2]|B|770，float；0，bool；}{S[3]|B|1482，float；0，bool；}{S[4]|B|2194，float；0，bool；}');
INSERT INTO `eva_model_tur_20200001_leaf` VALUES ('10104', '尾水管出口压力脉动', '101', '5', '1', '{压力脉动满足要求}{-}{超出合同值}', '{S[1]|B|59，float；0，bool；}{S[2]|B|771，float；0，bool；}{S[3]|B|1483，float；0，bool；}{S[4]|B|2195，float；0，bool；}');
INSERT INTO `eva_model_tur_20200001_leaf` VALUES ('10105', '涂层 ', '101', '2', '0', '{流道面油漆或涂层脱落面积小于5%，连续面积不大于400cm2}{流道面油漆或涂层脱落面积在5%至30%之间，或连续面积大于400cm2}{流道面油漆或涂层脱落面积超过30%}', '-');
INSERT INTO `eva_model_tur_20200001_leaf` VALUES ('10106', '空蚀', '101', '4', '0', '{无空蚀发生}{流道面中度空蚀，深度小于1mm}{流道面空蚀严重，深度超过3mm，但不超过20%壁厚设计值}', '-');
INSERT INTO `eva_model_tur_20200001_leaf` VALUES ('10107', '腐蚀', '101', '4', '0', '{无腐蚀发生}{流道面中度腐蚀，深度小于1mm}{流道面腐蚀严重，深度超过3mm，但不超过20%壁厚设计值}', '-');
INSERT INTO `eva_model_tur_20200001_leaf` VALUES ('10108', '磨蚀', '101', '4', '0', '{无磨蚀发生}{流道面中度磨蚀，深度小于1mm}{流道面磨蚀严重，深度超过3mm，但不超过20%壁厚设计值}', '-');
INSERT INTO `eva_model_tur_20200001_leaf` VALUES ('10109', '可拆卸泄流环', '101', '9', '0', '{预紧力矩满足设计要求；螺栓紧固无松动；螺栓无锈蚀；无裂纹}{-}{预紧力矩不满足设计要求；螺栓松动；螺栓有锈蚀；有裂纹}', '-');
INSERT INTO `eva_model_tur_20200001_leaf` VALUES ('10110', '尾水格栅', '101', '7', '0', '{本体无断裂；螺栓无脱落}{-}{本体断裂或螺栓脱落}', '-');
INSERT INTO `eva_model_tur_20200001_leaf` VALUES ('10111', '本体变形', '101', '7', '0', '{无明显变形}{-}{有明显变形}', '-');
INSERT INTO `eva_model_tur_20200001_leaf` VALUES ('10112', '裂纹', '101', '9', '0', '{MT 或PT 探伤焊缝无裂纹}{-}{MT 或PT 探伤焊缝有裂纹}', '-');
INSERT INTO `eva_model_tur_20200001_leaf` VALUES ('10201', '进人门密封', '102', '9', '0', '{无漏水，密封完好无老化现象，密封面无腐蚀，无裂纹}{无漏水，密封完好有轻微老化现象，密封面有轻微腐蚀，无裂纹}{有漏水，密封老化或破损，密封面腐蚀严重，有裂纹}', '-');
INSERT INTO `eva_model_tur_20200001_leaf` VALUES ('10202', '进人门连接螺栓', '102', '10', '0', '{螺栓伸长量或预紧力矩满足设计要求；螺栓紧固无松动；螺栓锈蚀面积不足20%；螺栓关键部位无锈蚀；无裂纹}{-}{螺栓伸长量或预紧力矩不满足设计要求；螺栓松动；螺栓锈蚀面积20%以上；螺栓关键部位有锈蚀；有裂纹}', '-');
INSERT INTO `eva_model_tur_20200001_leaf` VALUES ('10203', '结构完整性', '102', '6', '0', '{刚强度复核计算满足要求}{-}{刚强度复核计算不满足要求}', '-');
INSERT INTO `eva_model_tur_20200001_leaf` VALUES ('20101', '蜗壳进口压力脉动', '201', '5', '1', '{满足要求}{-}{超出合同值}', '{S[1]|B|50，float；0，bool；}{S[2]|B|762，float；0，bool；}{S[3]|B|1474，float；0，bool；}{S[4]|B|2186，float；0，bool；}');
INSERT INTO `eva_model_tur_20200001_leaf` VALUES ('20102', '涂层', '201', '2', '0', '{流道面油漆或涂层脱落面积小于5%，连续面积不大于400cm2}{流道面油漆或涂层脱落面积在5%至30%之间，或连续面积大于400cm2}{流道面油漆或涂层脱落面积超过30%}', '-');
INSERT INTO `eva_model_tur_20200001_leaf` VALUES ('20103', '腐蚀', '201', '4', '0', '{无腐蚀发生}{流道面中度腐蚀，深度小于1mm}{流道面腐蚀严重，深度超过3mm，但不超过20%壁厚设计值}', '-');
INSERT INTO `eva_model_tur_20200001_leaf` VALUES ('20104', '磨蚀', '201', '4', '0', '{无磨蚀发生}{流道面中度磨蚀，深度小于1mm}{流道面磨蚀严重，深度超过3mm，但不超过20%壁厚设计值}', '-');
INSERT INTO `eva_model_tur_20200001_leaf` VALUES ('20105', '裂纹', '201', '9', '0', '{MT 或PT 探伤焊缝无裂纹}{-}{MT 或PT 探伤焊缝有裂纹}', '-');
INSERT INTO `eva_model_tur_20200001_leaf` VALUES ('20201', '进人门密封', '202', '9', '0', '{不漏水，密封完好无老化现象，密封面无腐蚀，无裂纹}{无漏水，密封完好有轻微老化现象，密封面有轻微腐蚀，无裂纹}{有漏水，密封老化或破损，密封面腐蚀严重，有裂纹}', '-');
INSERT INTO `eva_model_tur_20200001_leaf` VALUES ('20202', '进人门连接螺栓', '202', '10', '0', '{螺栓伸长量或预紧力矩满足设计要求；螺栓划线位置无偏移；螺栓无锈蚀；PT 或MT 无裂纹}{-}{螺栓伸长量或预紧力矩不满足设计要求；螺栓划线位置出现偏移；螺栓有锈蚀；PT 或MT 有裂纹}', '-');
INSERT INTO `eva_model_tur_20200001_leaf` VALUES ('20203', '结构完整性', '202', '6', '0', '{刚强度复核计算满足要求}{-}{刚强度复核计算不满足要求}', '-');
INSERT INTO `eva_model_tur_20200001_leaf` VALUES ('20301', '涂层', '203', '2', '0', '{流道面油漆或涂层脱落面积小于5%，连续面积不大于400cm2}{流道面油漆或涂层脱落面积在5%至30%之间，或连续面积大于400cm2}{流道面油漆或涂层脱落面积超过30%}', '-');
INSERT INTO `eva_model_tur_20200001_leaf` VALUES ('20302', '空蚀', '203', '9', '0', '{无空蚀发生}{流道面中度空蚀，深度小于1mm}{流道面空蚀严重，深度超过3mm}', '-');
INSERT INTO `eva_model_tur_20200001_leaf` VALUES ('20303', '腐蚀', '203', '4', '0', '{无腐蚀发生}{流道面中度腐蚀，深度小于1mm}{流道面腐蚀严重，深度超过3mm}', '-');
INSERT INTO `eva_model_tur_20200001_leaf` VALUES ('20304', '磨蚀', '203', '7', '0', '{无磨损发生}{流道面中度磨损，磨损深度小于1mm}{流道面磨损严重，磨损深度超过3mm}', '-');
INSERT INTO `eva_model_tur_20200001_leaf` VALUES ('20305', '密封面质量', '203', '10', '0', '{座环和顶盖把合面轻微锈蚀，座环侧密封接触面无锈蚀，无漏水}{座环和顶盖把合面中等锈蚀，座环侧密封接触面锈蚀,无漏水}{座环和顶盖把合面锈蚀严重，座环侧密封接触面锈蚀严重，有漏水}', '-');
INSERT INTO `eva_model_tur_20200001_leaf` VALUES ('20306', '裂纹', '203', '10', '0', '{MT 或PT 探伤焊缝无裂纹}{-}{MT 或PT 探伤焊缝有裂纹}', '-');
INSERT INTO `eva_model_tur_20200001_leaf` VALUES ('20307', '结构完整性', '203', '6', '0', '{刚强度复核计算满足要求}{-}{刚强度复核计算不满足要求}', '-');
INSERT INTO `eva_model_tur_20200001_leaf` VALUES ('30101', '顶盖垂直振动', '301', '7', '1', '{满足合同要求 }{-}{超出合同要求 }', '{S[1]|B|99，float；0，bool；}{S[2]|B|811，float；0，bool；}{S[3]|B|1523，float；0，bool；}{S[4]|B|2235，float；0，bool；}');
INSERT INTO `eva_model_tur_20200001_leaf` VALUES ('30102', '顶盖水平X向振动', '301', '7', '1', '{满足合同要求  }{-}{超出合同要求}', '{S[1]|B|102，float；0，bool；}{S[2]|B|814，float；0，bool；}{S[3]|B|1526，float；0，bool；}{S[4]|B|2238，float；0，bool；}');
INSERT INTO `eva_model_tur_20200001_leaf` VALUES ('30103', '顶盖水平Y向振动', '301', '7', '1', '{满足合同要求  }{-}{超出合同要求}', '{S[1]|B|106，float；0，bool；}{S[2]|B|818，float；0，bool；}{S[3]|B|1530，float；0，bool；}{S[4]|B|2242，float；0，bool；}');
INSERT INTO `eva_model_tur_20200001_leaf` VALUES ('30104', '上迷宫环温度', '301', '6', '1', '{机组正常运行时最高温度低于制造厂家要求}{机组正常运行时最高温度高于高限}{机组正常运行时最高温度高于高高限}', '{S[1]|B|479，float；S[1]|B|480，float；0，bool；}{S[2]|B|1191，float；S[2]|B|1192，float；0，bool；}{S[3]|B|1903，float；S[3]|B|1904，float；0，bool；}{S[4]|B|2615，float；S[4]|B|2616，float；0，bool；}');
INSERT INTO `eva_model_tur_20200001_leaf` VALUES ('30105', '涂层 ', '301', '2', '0', '{油漆脱落面积小于20%，锈蚀面积小于20%}{油漆或涂层脱落面积在20%至50%之间，有锈蚀面积在20%至50%之间}{油漆或涂层脱落面积超过50%；锈蚀面积超过50%，老化严重}', '-');
INSERT INTO `eva_model_tur_20200001_leaf` VALUES ('30106', '腐蚀', '301', '4', '0', '{无腐蚀发生}{流道面中度腐蚀，深度小于1mm}{流道面腐蚀严重，深度超过3mm}', '-');
INSERT INTO `eva_model_tur_20200001_leaf` VALUES ('30107', ' 顶盖固定止漏环', '301', '9', '0', '{止漏环表面轻微腐蚀、空蚀、磨损；止漏环间隙小于1.5 倍设计间隙值}{止漏环表面局部腐蚀、空蚀、磨损；止漏环间隙大于1.5 小于2 倍设计间隙值}{止漏环表面严重腐蚀、空蚀、磨损；止漏环间隙大于2 倍设计间隙值（可根据机组实际情况进行调整）}', '-');
INSERT INTO `eva_model_tur_20200001_leaf` VALUES ('30108', ' 顶盖固定止漏环固定螺栓', '301', '9', '0', '{螺栓伸长量或预紧力矩满足设计要求；螺栓紧固无松动；螺栓锈蚀面积不足20%；螺栓关键部位无锈蚀；无裂纹}{-}{螺栓伸长量或预紧力矩不满足设计要求；螺栓松动；螺栓锈蚀面积20%以上；螺栓关键部位有锈蚀；有裂纹}', '-');
INSERT INTO `eva_model_tur_20200001_leaf` VALUES ('30109', '顶盖抗磨板', '301', '9', '0', '{表面轻微腐蚀、空蚀、磨损，面积小于5%；抗磨板平面度满足设计要求值；顶盖、底环抗磨板间距满足设计要求}{表面中等腐蚀、空蚀、磨损，面积为5~10%；抗磨板平面度满足设计要求值；顶盖、底环抗磨板间距满足设计要求}{表面严重腐蚀、空蚀、磨损，面积超过10%；抗磨板平面度不满足设计要求值；顶盖、底环抗磨板间距不满足设计要求}', '-');
INSERT INTO `eva_model_tur_20200001_leaf` VALUES ('30110', '顶盖抗磨板把合螺栓', '301', '6', '0', '{预紧力矩满足设计要求；螺栓紧固无松动；螺栓无锈蚀；无裂纹}{-}{预紧力矩不满足设计要求；螺栓松动；螺栓有锈蚀；有裂纹}', '-');
INSERT INTO `eva_model_tur_20200001_leaf` VALUES ('30111', '顶盖平压管、转轮排气管', '301', '7', '0', '{顶盖平压管、转轮排气管空蚀或磨蚀深度小于1mm；管路或焊缝无裂纹；管接头无漏水}{顶盖平压管、转轮排气管空蚀或磨蚀深度大于1mm；管路或焊缝无裂纹；管接头有滴漏}{顶盖平压管、转轮排气管空蚀或磨蚀深度大于2mm；管路或焊缝有裂纹；管接头漏水}', '-');
INSERT INTO `eva_model_tur_20200001_leaf` VALUES ('30112', ' 导叶限位块（销） ', '301', '9', '0', '{导叶限位块MT 或PT 探伤焊缝无裂纹；限位销无松动或退出}{-}{导叶限位块MT 或PT 探伤焊缝有裂纹；限位销松动退出}', '-');
INSERT INTO `eva_model_tur_20200001_leaf` VALUES ('30113', '顶盖密封 ', '301', '10', '0', '{ 座环和顶盖把合面轻微锈蚀，顶盖侧密封接触面无锈蚀，无漏水}{座环和顶盖把合面中等锈蚀，顶盖侧密封接触面锈蚀,无漏水}{座环和顶盖把合面锈蚀严重，顶盖侧密封接触面锈蚀严重，有漏水}', '-');
INSERT INTO `eva_model_tur_20200001_leaf` VALUES ('30114', '顶盖连接螺栓', '301', '10', '0', '{螺栓划线位置无偏移，螺栓伸长量满足设计要求；螺栓锈蚀面积不足20%；螺栓关键部位无锈蚀；PT 或MT 无裂纹；}{-}{螺栓划线位置出现偏移，螺栓伸长量不满足设计要求；螺栓锈蚀面积20%以上；螺栓关键部位有锈蚀；PT 或MT 有裂纹}', '-');
INSERT INTO `eva_model_tur_20200001_leaf` VALUES ('30115', '裂纹 ', '301', '10', '0', '{MT 或PT 探伤焊缝无裂纹}{-}{MT 或PT 探伤焊缝有裂纹}', '-');
INSERT INTO `eva_model_tur_20200001_leaf` VALUES ('30116', '结构完整性 ', '301', '6', '0', '{刚强度复核计算满足要求}{-}{刚强度复核计算不满足要求}', '-');
INSERT INTO `eva_model_tur_20200001_leaf` VALUES ('30201', '涂层 ', '302', '2', '0', '{ 油漆脱落面积小于20%，锈蚀面积小于20%}{油漆或涂层脱落面积在20%至50%之间，有锈蚀面积在20%至50%之间}{油漆或涂层脱落面积超过50%；锈蚀面积超过50%，老化严重}', '-');
INSERT INTO `eva_model_tur_20200001_leaf` VALUES ('30202', '腐蚀', '302', '4', '0', '{无腐蚀发生}{流道面中度腐蚀，深度小于1mm}{流道面腐蚀严重，深度超过3mm}', '-');
INSERT INTO `eva_model_tur_20200001_leaf` VALUES ('30203', ' 底环固定止漏环', '302', '9', '0', '{止漏环表面轻微腐蚀、空蚀、磨损；止漏环间隙小于1.5 倍设计间隙值}{止漏环表面局部腐蚀、空蚀、磨损；止漏环间隙大于1.5 小于2 倍设计间隙值}{止漏环表面严重腐蚀、空蚀、磨损；止漏环间隙大于2 倍设计间隙值（可根据机组实际情况进行调整）}', '-');
INSERT INTO `eva_model_tur_20200001_leaf` VALUES ('30204', '底环抗磨板', '302', '4', '0', '{表面轻微腐蚀、空蚀、磨损，面积小于5%；抗磨板平面度满足设计要求值}{表面中等腐蚀、空蚀、磨损，面积为5~10%；抗磨板平面度满足设计要求值}{表面严重腐蚀、空蚀、磨损，面积超过10%；抗磨板平面度不满足设计要求值；}', '-');
INSERT INTO `eva_model_tur_20200001_leaf` VALUES ('30205', '底环抗磨板连接螺栓', '302', '9', '0', '{预紧力矩满足设计要求；螺栓紧固无松动；螺栓无锈蚀；无裂纹}{-}{预紧力矩不满足设计要求；螺栓松动；螺栓有锈蚀；有裂纹}', '-');
INSERT INTO `eva_model_tur_20200001_leaf` VALUES ('30206', '导叶下轴套', '302', '5', '0', '{导叶下轴套轻微磨损，深度小于0.1mm；导叶下轴套无裂纹}{导叶下轴套中等磨损，深度大于0.1mm，小于0.3mm；导叶下轴套有微裂纹}{导叶下轴套严重磨损，深度大于0.3mm；导叶下轴套有裂纹}', '-');
INSERT INTO `eva_model_tur_20200001_leaf` VALUES ('30207', '导叶下轴套密封', '302', '7', '0', '{导叶下轴套密封良好，导叶下轴套无漏水}{导叶下轴套密封中等磨损，导叶下轴套漏水}{导叶下轴套密封严重磨损或损坏，导叶下轴套漏水严重}', '-');
INSERT INTO `eva_model_tur_20200001_leaf` VALUES ('30208', '底环/座环密封', '302', '6', '0', '{座环和底环把合面轻微锈蚀，底环侧密封接触面无锈蚀，无漏水}{座环和底环把合面中等锈蚀，底环侧密封接触面锈蚀,无漏水}{座环和底环把合面锈蚀严重，底环侧密封接触面锈蚀严重，有漏水}', '-');
INSERT INTO `eva_model_tur_20200001_leaf` VALUES ('30209', '底环/座环连接螺栓', '302', '7', '0', '{螺栓划线位置无偏移，螺栓伸长量满足设计要求；螺栓锈蚀面积不足20%；螺栓关键部位无锈蚀；PT 或MT 无裂纹}{-}{螺栓划线位置出现偏移，螺栓伸长量不满足设计要求；螺栓锈蚀面积20%以上；螺栓关键部位有锈蚀；PT 或MT 有裂纹}', '-');
INSERT INTO `eva_model_tur_20200001_leaf` VALUES ('30210', '裂纹', '302', '8', '0', '{MT 或PT 探伤焊缝无裂纹}{-}{MT 或PT 探伤焊缝有裂纹}', '-');
INSERT INTO `eva_model_tur_20200001_leaf` VALUES ('30211', ' 结构完整性', '302', '6', '0', '{刚强度复核计算满足要求}{-}{刚强度复核计算不满足要求}', '-');
INSERT INTO `eva_model_tur_20200001_leaf` VALUES ('30301', '空蚀 ', '303', '8', '0', '{导叶无空蚀发生}{导叶中度空蚀，深度小于1mm}{导叶空蚀严重，深度超过3mm}', '-');
INSERT INTO `eva_model_tur_20200001_leaf` VALUES ('30302', '腐蚀 ', '303', '8', '0', '{导叶无腐蚀发生}{导叶中度腐蚀，深度小于1mm}{导叶腐蚀严重，深度超过3mm}', '-');
INSERT INTO `eva_model_tur_20200001_leaf` VALUES ('30303', '磨蚀 ', '303', '8', '0', '{无磨损发生}{ 流道面中度磨损，磨损深度小于1mm}{流道面磨损严重，磨损深度超过3mm}', '-');
INSERT INTO `eva_model_tur_20200001_leaf` VALUES ('30304', '导叶端面间隙', '303', '6', '0', '{ 导叶端面间隙值满足设计要求}{-}{导叶端面间隙不满足设计值要求；球阀平压时间增加；停机时间增加}', '-');
INSERT INTO `eva_model_tur_20200001_leaf` VALUES ('30305', '导叶立面间隙 ', '303', '6', '0', '{导叶立面间隙满足设计值要求}{-}{导叶立面间隙不满足设计值要求；球阀平压时间增加；停机时间增加}', '-');
INSERT INTO `eva_model_tur_20200001_leaf` VALUES ('30306', '导叶抗重螺栓', '303', '6', '0', '{螺栓划线位置无偏移，预紧力矩满足设计要求；螺栓锈蚀面积不足20%；螺栓关键部位无锈蚀}{-}{螺栓划线位置出现偏移，预紧力矩不满足设计要求；螺栓锈蚀面积大于20%；螺栓关键部位有锈蚀}', '-');
INSERT INTO `eva_model_tur_20200001_leaf` VALUES ('30307', '裂纹', '303', '8', '0', '{MT 或PT 探伤焊缝无裂纹}{-}{MT 或PT 探伤焊缝有裂纹}', '-');
INSERT INTO `eva_model_tur_20200001_leaf` VALUES ('30308', ' 结构完整性', '303', '6', '0', '{刚强度复核计算满足要求}{-}{刚强度复核计算不满足要求}', '-');
INSERT INTO `eva_model_tur_20200001_leaf` VALUES ('30401', '剪断销报警', '304', '10', '1', '{不报警}{-}{报警}', '{0，float；F|B|628，bool；}{0，float；F|B|2542，bool；}{0，float；F|B|4456，bool；}{0，float；F|B|6370，bool；}');
INSERT INTO `eva_model_tur_20200001_leaf` VALUES ('30402', '涂层 ', '304', '2', '0', '{ 油漆脱落面积小于20%，锈蚀面积小于20%}{油漆或涂层脱落面积在20%至50%之间，有锈蚀面积在20%至50%之间}{油漆或涂层脱落面积超过50%；锈蚀面积超过50%，老化严重}', '-');
INSERT INTO `eva_model_tur_20200001_leaf` VALUES ('30403', '腐蚀', '304', '4', '0', '{无腐蚀发生}{套筒中度腐蚀，深度小于1mm}{套筒腐蚀严重，深度超过3mm}', '-');
INSERT INTO `eva_model_tur_20200001_leaf` VALUES ('30404', '导叶中轴套', '304', '5', '0', '{导叶中轴套轻微磨损，深度小于0.1mm；导叶中轴套无裂纹}{导叶中轴套中等磨损，深度大于0.1mm，小于0.3mm；导叶中轴套有微裂纹}{导叶中轴套严重磨损，深度大于0.3mm；导叶中轴套有裂纹}', '-');
INSERT INTO `eva_model_tur_20200001_leaf` VALUES ('30405', '导叶上轴套', '304', '3', '0', '{导叶上轴套轻微磨损，深度小于0.1mm；导叶上轴套无裂纹}{导叶上轴套中等磨损，深度大于0.1mm，小于0.3mm；导叶上轴套有微裂纹}{导叶上轴套严重磨损，深度大于0.3mm；导叶上轴套有裂纹}', '-');
INSERT INTO `eva_model_tur_20200001_leaf` VALUES ('30406', '导叶中轴套密封', '304', '7', '0', '{导叶中轴套密封良好，导叶中轴颈无漏水}{导叶中轴套密封中等磨损，导叶中轴颈轻微漏水}{导叶中轴套密封严重磨损或损坏，导叶中轴颈漏水严重 }', '-');
INSERT INTO `eva_model_tur_20200001_leaf` VALUES ('30407', '导叶套筒固定螺栓 ', '304', '7', '0', '{预紧力矩满足设计要求；螺栓紧固无松动；螺栓无锈蚀；无裂纹}{-}{预紧力矩不满足设计要求；螺栓松动；螺栓有锈蚀；有裂纹}', '-');
INSERT INTO `eva_model_tur_20200001_leaf` VALUES ('30408', '导叶止推轴承 ', '304', '7', '0', '{导叶止推轴承轻微磨损，深度小于0.05mm}{导叶止推轴承中等磨损，深度小于0.1mm}{导叶止推轴承严重磨损，深度大于0.1mm；或大于导叶下端面间隙的50%}', '-');
INSERT INTO `eva_model_tur_20200001_leaf` VALUES ('30409', '导叶剪断销 ', '304', '5', '0', '{导叶剪断销锁定板固定螺栓无松动；MT 或PT 探伤无裂纹}{-}{导叶剪断销锁定板固定螺栓松动；MT 或PT 探伤有裂纹}', '-');
INSERT INTO `eva_model_tur_20200001_leaf` VALUES ('30410', '摩擦环预紧螺栓', '304', '7', '0', '{螺栓划线位置无偏移，预紧力矩满足设计要求；螺栓锈蚀面积不足20%；螺栓关键部位无锈蚀}{-}{螺栓划线位置出现偏移，预紧力矩不满足设计要求；螺栓锈蚀面积大于20%；螺栓关键部位有锈蚀}', '-');
INSERT INTO `eva_model_tur_20200001_leaf` VALUES ('30411', '导叶连杆轴承 ', '304', '5', '0', '{导叶连杆轴承轻微磨损，深度小于0.1mm；轴承无明显晃动，无发卡}{导叶连杆轴承中等磨损，深度大于0.1mm，小于0.3mm；轴承无明显晃动，无发卡}{导叶连杆轴承严重磨损，深度大于0.3mm；轴承晃动明显或发卡}', '-');
INSERT INTO `eva_model_tur_20200001_leaf` VALUES ('30412', '导叶连杆销，偏心销 ', '304', '5', '0', '{导叶连杆销无严重磨损，无轴向窜动；导叶偏心销压板固定螺栓无松动；无锈蚀}{导叶连杆销轻微磨损，无轴向窜动；导叶偏心销压板固定螺栓无松动；有锈蚀}{导叶连杆销磨损严重，有轴向窜动；导叶偏心销压板固定螺栓松动；有锈蚀}', '-');
INSERT INTO `eva_model_tur_20200001_leaf` VALUES ('30501', '涂层 ', '305', '2', '0', '{油漆脱落面积小于20%，锈蚀面积小于20%}{油漆或涂层脱落面积在20%至50%之间，有锈蚀面积在20%至50%之间；}{油漆或涂层脱落面积超过50%；锈蚀面积超过50%，老化严重；}', '-');
INSERT INTO `eva_model_tur_20200001_leaf` VALUES ('30502', '腐蚀', '305', '2', '0', '{ 无腐蚀发生}{中度腐蚀，深度小于1mm}{腐蚀严重，深度超过3mm}', '-');
INSERT INTO `eva_model_tur_20200001_leaf` VALUES ('30503', '控制环径向轴承', '305', '5', '0', '{控制环径向轴承轻微磨损；磨损深度小于0.3mm}{ 控制环径向轴承中度磨损；磨损深度大于0.3mm}{控制环径向轴承严重磨损；磨损深度大于0.5mm}', '-');
INSERT INTO `eva_model_tur_20200001_leaf` VALUES ('30504', '控制环轴向轴承 ', '305', '5', '0', '{控制环轴向轴承轻微磨损；磨损深度小于0.3mm}{控制环轴向轴承中度磨损；磨损深度大于0.3mm}{控制环轴向轴承严重磨损；磨损深度大于0.5mm}', '-');
INSERT INTO `eva_model_tur_20200001_leaf` VALUES ('30505', '控制环压板固定螺栓 ', '305', '7', '0', '{控制环压板无异常变形；螺栓紧固无松动，预紧力矩满足设计要求；螺栓无锈蚀}{螺栓松动，预紧力矩不满足设计要求；螺栓锈有锈蚀}{螺栓断裂}', '-');
INSERT INTO `eva_model_tur_20200001_leaf` VALUES ('30506', '控制环分瓣面把合螺栓', '305', '8', '0', '{预紧力矩满足设计要求；螺栓紧固无松动；螺栓无锈蚀；无裂纹}{-}{预紧力矩不满足设计要求；螺栓松动；螺栓有锈蚀；有裂纹}', '-');
INSERT INTO `eva_model_tur_20200001_leaf` VALUES ('30507', '裂纹', '305', '6', '0', '{MT 或PT 探伤焊缝无裂纹}{-}{MT 或PT 探伤焊缝有裂纹}', '-');
INSERT INTO `eva_model_tur_20200001_leaf` VALUES ('30508', ' 结构完整性', '305', '6', '0', '{刚强度复核计算满足要求}{-}{刚强度复核计算不满足要求}', '-');
INSERT INTO `eva_model_tur_20200001_leaf` VALUES ('30601', '涂层 ', '306', '2', '0', '{油漆脱落面积小于20%，锈蚀面积小于20%}{油漆或涂层脱落面积在20%至50%之间，有锈蚀面积在20%至50%之间；}{油漆或涂层脱落面积超过50%；锈蚀面积超过50%，老化严重；}', '-');
INSERT INTO `eva_model_tur_20200001_leaf` VALUES ('30602', '磨损', '306', '9', '0', '{活塞杆外表面无拉伤，无漏油；活塞缸无拉伤，无窜油}{活塞杆外表面轻微拉伤，轻微漏油；活塞缸轻微拉伤，轻微窜油}{活塞杆外表面拉伤，严重漏油；活塞缸严重拉伤，窜油严重}', '-');
INSERT INTO `eva_model_tur_20200001_leaf` VALUES ('30603', '导叶接力器漏油', '306', '9', '0', '{无漏油}{轻微漏油}{密封严重漏油}', '-');
INSERT INTO `eva_model_tur_20200001_leaf` VALUES ('30604', '导叶接力器锁定', '306', '8', '0', '{导叶接力器锁定投退正常；液压锁定无损坏，无漏油}{-}{导叶接力器锁定投退不正常；液压锁定损坏，漏油}', '-');
INSERT INTO `eva_model_tur_20200001_leaf` VALUES ('30605', '导叶接力器连杆轴承', '306', '6', '0', '{导叶接力器连杆轴承轻微磨损，轴承无明显晃动，无发卡}{-}{导叶接力器连杆轴承磨损严重，轴承晃动明显或发卡}', '-');
INSERT INTO `eva_model_tur_20200001_leaf` VALUES ('30606', '接力器端盖固定螺栓', '306', '8', '0', '{预紧力矩满足设计要求；螺栓紧固无松动；螺栓无锈蚀；无裂纹}{-}{预紧力矩不满足设计要求；螺栓松动；螺栓有锈蚀；有裂纹}', '-');
INSERT INTO `eva_model_tur_20200001_leaf` VALUES ('30607', '裂纹 ', '306', '9', '0', '{导叶接力器活塞缸、缸盖、活塞杆MT 或PT 无裂纹}{-}{导叶接力器活塞缸、缸盖、活塞杆MT 或PT 有裂纹}', '-');
INSERT INTO `eva_model_tur_20200001_leaf` VALUES ('40001', '转轮与顶盖间压力脉动', '400', '5', '1', '{满足合同要求}{-}{超出合同值，上升值根据新源企业标准最新成果界定}', '{S[1]|B|434，float；S[1]|B|435，float；0，bool；}{S[2]|B|1146，float；S[2]|B|1147，float；0，bool；}{S[3]|B|1858，float；S[3]|B|1859，float；0，bool；}{S[4]|B|2570，float；S[4]|B|2571，float；0，bool；}');
INSERT INTO `eva_model_tur_20200001_leaf` VALUES ('40002', '导叶与转轮进口间压力脉动', '400', '5', '1', '{压力脉动满足要求}{-}{超出合同值}', '{S[1]|B|438，float；S[1]|B|439，float；0，bool；}{S[2]|B|1150，float；S[2]|B|1151，float；0，bool；}{S[3]|B|1862，float；S[3]|B|1863，float；0，bool；}{S[4]|B|2574，float；S[4]|B|2575，float；0，bool；}');
INSERT INTO `eva_model_tur_20200001_leaf` VALUES ('40003', '转轮与底环/泄流环间压力脉动', '400', '5', '1', '{压力脉动满足要求}{-}{超出合同值}', '{S[1]|B|440，float；0，bool；}{S[2]|B|1152，float；0，bool；}{S[3]|B|1864，float；0，bool；}{S[4]|B|2567，float；0，bool；}');
INSERT INTO `eva_model_tur_20200001_leaf` VALUES ('40004', '空蚀', '400', '9', '0', '{无空蚀发生}{中度空蚀，深度小于1mm}{空蚀严重，深度超过3mm，面积不超过25cm2}', '-');
INSERT INTO `eva_model_tur_20200001_leaf` VALUES ('40005', '腐蚀', '400', '6', '0', '{无腐蚀发生}{流道面中度腐蚀，深度小于1mm}{流道面腐蚀严重，深度超过3mm}', '-');
INSERT INTO `eva_model_tur_20200001_leaf` VALUES ('40006', '磨蚀', '400', '8', '0', '{无磨损发生}{流道面中度磨损，磨损深度小于1mm}{流道面磨损严重，磨损深度超过3mm}', '-');
INSERT INTO `eva_model_tur_20200001_leaf` VALUES ('40007', '止漏环间隙', '400', '9', '0', '{止漏环表面轻微腐蚀、空蚀、磨损；止漏环间隙小于1.5 倍设计间隙值}{止漏环表面局部腐蚀、空蚀、磨损；止漏环间隙大于1.5 小于2 倍设计间隙值}{止漏环表面严重腐蚀、空蚀、磨损；止漏环间隙大于2 倍设计间隙值（根据机组实际情况）}', '-');
INSERT INTO `eva_model_tur_20200001_leaf` VALUES ('40008', '裂纹', '400', '10', '0', '{叶片进出水边及焊缝MT 或PT 探伤无裂纹}{-}{叶片进出水边及焊缝MT 或PT 探伤有裂纹}', '-');
INSERT INTO `eva_model_tur_20200001_leaf` VALUES ('50101', '大轴位移（轴向）', '501', '7', '1', '{小于报警设定限值}{-}{超过报警设定限值}', '{S[1]|B|95，float；0，bool；}{S[2]|B|807，float；0，bool；}{S[3]|B|1519，float；0，bool；}{S[4]|B|2231，float；0，bool；}');
INSERT INTO `eva_model_tur_20200001_leaf` VALUES ('50102', '磨损', '501', '2', '0', '{轴承密封处、轴面无磨损}{-}{轴承密封处、轴面磨损深度0.5mm 以上}', '-');
INSERT INTO `eva_model_tur_20200001_leaf` VALUES ('50103', '锈蚀', '501', '4', '0', '{无锈蚀发生}{中度锈蚀，深度小于1mm}{锈蚀严重，深度超过3mm}', '-');
INSERT INTO `eva_model_tur_20200001_leaf` VALUES ('50104', '裂纹', '501', '10', '0', '{MT 或PT 探伤焊缝无裂纹}{-}{MT 或PT 探伤焊缝有裂纹}', '-');
INSERT INTO `eva_model_tur_20200001_leaf` VALUES ('50201', '主轴连接螺栓', '502', '10', '0', '{螺栓划线位置无偏移，螺栓伸长量满足设计要求；螺栓锈蚀面积不足20%；螺栓关键部位无锈蚀；PT 或MT 无裂纹}{-}{螺栓划线位置出现偏移，且螺栓伸长量不满足设计要求；螺栓锈蚀面积20%以上；螺栓关键部位有锈蚀；PT 或MT 有裂纹}', '-');
INSERT INTO `eva_model_tur_20200001_leaf` VALUES ('50202', '销套或销钉', '502', '10', '0', '{无磨损；配合间隙满足设计要求}{-}{磨损严重；配合间隙不满足设计要求}', '-');
INSERT INTO `eva_model_tur_20200001_leaf` VALUES ('50203', '堵板', '502', '10', '0', '{堵板固定螺栓无松动；无断裂，密封可靠；焊缝无裂纹}{-}{堵板固定螺栓松动；固定螺栓断裂；密封漏水；焊缝有裂纹}', '-');
INSERT INTO `eva_model_tur_20200001_leaf` VALUES ('60001', '水导轴瓦温度', '600', '9', '1', '{机组正常运行时最高温度小于材料容许温度的70%}{-}{机组正常运行时最高温度满足DL/T293 或制造厂家设定值}', '{S[1]|B|465，float；S[1]|B|466，float；S[1]|B|467，float；S[1]|B|468，float；S[1]|B|469，float；S[1]|B|470，float；S[1]|B|471，float；S[1]|B|472，float；S[1]|B|473，float；S[1]|B|474，float；0，bool；}{S[2]|B|1177，float；S[2]|B|1178，float；S[2]|B|1179，float；S[2]|B|1180，float；S[2]|B|1181，float；S[2]|B|1182，float；S[2]|B|1183，float；S[2]|B|1184，float；S[2]|B|1185，float；S[2]|B|1186，float；0，bool；}{S[3]|B|1889，float；S[3]|B|1890，float；S[3]|B|1891，float；S[3]|B|1892，float；S[3]|B|1893，float；S[3]|B|1894，float；S[3]|B|1895，float；S[3]|B|1896，float；S[3]|B|1897，float；S[3]|B|1898，float；0，bool；}{S[4]|B|2601，float；S[4]|B|2602，float；S[4]|B|2603，float；S[4]|B|2604，float；S[4]|B|2605，float；S[4]|B|2606，float；S[4]|B|2607，float；S[4]|B|2608，float；S[4]|B|2609，float；S[4]|B|2610，float；0，bool；}');
INSERT INTO `eva_model_tur_20200001_leaf` VALUES ('60002', '水导轴承冷却水温', '600', '2', '1', '{机组正常运行时水导冷却水出口温度正常}{-}{机组正常运行时水导冷却水出口温度异常}', '{S[1]|B|62，float；0，bool；}{S[2]|B|774，float；0，bool；}{S[3]|B|1486，float；0，bool；}{S[4]|B|2198，float；0，bool；}');
INSERT INTO `eva_model_tur_20200001_leaf` VALUES ('60003', '水导轴承油槽温度', '600', '6', '1', '{机组正常运行时最高温度小于报警值}{机组正常运行时最高温度达到或超过报警值}{机组正常运行时最高温度超过跳机值DL/T293}', '{S[1]|B|34，float；S[1]|B|478，float；0，bool；}{S[2]|B|746，float；S[2]|B|1190，float；0，bool；}{S[3]|B|1458，float；S[3]|B|1902，float；0，bool；}{S[4]|B|2170，float；S[4]|B|2614，float；0，bool；}');
INSERT INTO `eva_model_tur_20200001_leaf` VALUES ('60004', '水导轴承油混水', '600', '7', '1', '{不报警}{-}{报警}', '{S[1]|B|68，float；0，bool；}{S[2]|B|780，float；0，bool；}{S[3]|B|1492，float；0，bool；}{S[4]|B|2204，float；0，bool；}');
INSERT INTO `eva_model_tur_20200001_leaf` VALUES ('60005', '水导轴承油槽油位', '600', '6', '1', '{水导轴承油位满足设计要求}{-}{水导轴承油位不满足设计要求}', '{TS[1]|B|67，float；0，bool；}{TS[2]|B|779，float；0，bool；}{TS[3]|B|1491，float；0，bool；}{TS[4]|B|2203，float；0，bool；}');
INSERT INTO `eva_model_tur_20200001_leaf` VALUES ('60006', 'X向摆度', '600', '7', '1', '{满足合同要求}{-}{超出合同值}', '{S[1]|B|94，float；0，bool；}{S[2]|B|806，float；0，bool；}{S[3]|B|1518，float；0，bool；}{S[4]|B|2230，float；0，bool；}');
INSERT INTO `eva_model_tur_20200001_leaf` VALUES ('60007', 'Y向摆度', '600', '7', '1', '{满足合同要求}{-}{超出合同要求}', '{S[1]|B|98，float；0，bool；}{S[2]|B|810，float；0，bool；}{S[3]|B|1522，float；0，bool；}{S[4]|B|2234，float；0，bool；}');
INSERT INTO `eva_model_tur_20200001_leaf` VALUES ('60008', '涂层', '600', '2', '0', '{油漆脱落面积小于20%，锈蚀面积小于20%}{油漆或涂层脱落面积在20%至50%之间，有锈蚀面积在20%至50%之间；}{油漆或涂层脱落面积超过50%；锈蚀面积超过50%，老化严重；}', '-');
INSERT INTO `eva_model_tur_20200001_leaf` VALUES ('60009', '轴瓦', '600', '8', '0', '{UT 探伤合格，巴氏合金与基体非结合面小于5%，且单个面积小于1%，非结合面不在瓦的边缘；瓦面轻微划痕或磨损，清洗、抛光后瓦面恢复光滑}{UT 探伤合格，巴氏合金与基体非结合面小于5%，且单个面积小于1%，非结合面不在瓦的边缘；瓦面少量划痕或磨损}{UT 探伤不合格，巴氏合金与基体有5%以上非结合面，或单个面积大于1%，或瓦的周边有非结合面；瓦面表面刮伤、磨损严重；}', '-');
INSERT INTO `eva_model_tur_20200001_leaf` VALUES ('60010', '轴承座和油槽', '600', '8', '0', '{轴承座或油槽无渗漏，MT 或PT 探伤焊缝无裂纹}{轴承座或油槽轻微渗漏，MT或PT探伤焊缝无裂纹}{轴承座或油槽渗漏严重，MT 或PT 探伤焊缝有裂纹}', '-');
INSERT INTO `eva_model_tur_20200001_leaf` VALUES ('60011', '轴瓦支撑', '600', '8', '0', '{推力块、楔键无磨损；固定螺栓无松动}{-}{抗重螺栓、推力块、楔键磨损严重；固定螺栓松动}', '-');
INSERT INTO `eva_model_tur_20200001_leaf` VALUES ('60012', '供油系统及管路', '600', '6', '0', '{油泵站及其管路无渗油，管路无锈蚀}{油泵站及其管路有少量漏油，管路少量锈蚀}{油泵站及其管路漏油严重，管路锈蚀严重}', '-');
INSERT INTO `eva_model_tur_20200001_leaf` VALUES ('60013', '供水系统及管路', '600', '5', '0', '{管路无渗水，管路无锈蚀，冷却器无漏水或漏油}{管路有少量漏水，管路少量锈蚀，冷却器无漏水或漏油}{管路漏水严重，管路锈蚀严重，冷却器漏水或漏油}', '-');
INSERT INTO `eva_model_tur_20200001_leaf` VALUES ('60014', '油品', '600', '6', '0', '{油质化验满足GB11120-2011 标准要求；油中无金属颗粒杂质}{-}{油质化验不合格或油中含有金属颗粒杂质}', '-');
INSERT INTO `eva_model_tur_20200001_leaf` VALUES ('70001', '密封磨损量', '700', '9', '1', '{嵌入密封滑环磨损厚度小于50%磨损允许值}{嵌入密封环磨损厚度大于50%小于等于80%磨损允许值}{嵌入密封环磨损厚度大于80%磨损允许值}', '{S[1]|B|72，float；0，bool；}{S[2]|B|784，float；0，bool；}{S[3]|B|1496，float；0，bool；}{S[4]|B|2208，float；0，bool；}');
INSERT INTO `eva_model_tur_20200001_leaf` VALUES ('70002', '主轴密封水压力', '700', '8', '1', '{主轴密封供水压力满足设计要求}{-}{主轴密封供水压力不满足设计要求}', '{S[1]|B|60，float；0，bool；}{S[2]|B|772，float；0，bool；}{S[3]|B|1484，float；0，bool；}{S[4]|B|2196，float；0，bool；}');
INSERT INTO `eva_model_tur_20200001_leaf` VALUES ('70003', '主轴密封水流量', '700', '9', '1', '{机组正常运行时主轴密封供水流量高于制造厂家要求}{-}{机组正常运行时主轴密封供水流量低于制造厂家要求}', '{S[1]|B|66，float；0，bool；}{S[2]|B|778，float；0，bool；}{S[3]|B|1490，float；0，bool；}{S[4]|B|2202，float；0，bool；}');
INSERT INTO `eva_model_tur_20200001_leaf` VALUES ('70004', '滑环', '700', '7', '0', '{主轴密封滑环面表面光滑，无明显划痕凹坑痕迹；密封面无错牙}{主轴密封滑环面磨损,局部凹坑深度大于0.1mm，小于0.15mm；密封面无错牙}{主轴密封滑环面磨损，局部拉伤凹坑深度大于0.15mm；密封面有错牙}', '-');
INSERT INTO `eva_model_tur_20200001_leaf` VALUES ('70005', '嵌入密封环', '700', '9', '0', '{嵌入密封滑环磨损厚度小于50%磨损允许值}{嵌入密封环磨损厚度大于50%小于等于80%磨损允许值}{嵌入密封环磨损厚度大于80%磨损允许值}', '-');
INSERT INTO `eva_model_tur_20200001_leaf` VALUES ('70006', '支持环、密封环', '700', '5', '0', '{支撑环或密封环轻微磨损，密封间隙满足设计要求，有轻微漏水}{支撑环或密封环中度磨损，密封间隙大于1.2 倍设计间隙，有轻微漏水}{支持环或密封环严重磨损，密封间隙大于1.5 倍设计间隙，漏水严重}', '-');
INSERT INTO `eva_model_tur_20200001_leaf` VALUES ('70007', '连接螺栓', '700', '6', '0', '{扭矩值满足设计要求；螺栓紧固无松动；螺栓无锈蚀；无裂纹}{-}{预紧力矩不满足设计要求；螺栓松动；螺栓有锈蚀；有裂纹}', '-');
INSERT INTO `eva_model_tur_20200001_leaf` VALUES ('70008', '空气围带', '700', '6', '0', '{无磨损，无漏气}{轻微磨损，无漏气}{老化；磨损严重，有漏气}', '-');
INSERT INTO `eva_model_tur_20200001_leaf` VALUES ('70009', '弹簧', '700', '7', '0', '{PT 探伤无裂纹；载荷应变试验满足要求}{-}{PT 探伤有裂纹；载荷应变试验不满足要求}', '-');
INSERT INTO `eva_model_tur_20200001_leaf` VALUES ('70010', '供水供气系统', '700', '8', '0', '{管路无锈蚀；供水系统过滤器工作正常；供水管路无渗水；供气管路无漏气；各测量元件工作正常}{管路少量锈蚀；供水系统过滤器工作正常；滤网未损坏；供水管路有少量漏水；供气管路少量漏气；各测量元件工作正常}{管路锈蚀严重；供水系统过滤器堵塞；滤网损坏；供水管路漏水严重；供气管路漏气；各测量元件工作正常}', '-');
INSERT INTO `eva_model_tur_20200001_leaf` VALUES ('80001', '功能性检查', '800', '5', '0', '{自动化元器件信号正常，监测数据正常}{自动化元器件信号正常，监测数据不正常}{自动化元器件信号不稳定或无信号}', '-');
INSERT INTO `eva_model_tur_20200001_leaf` VALUES ('80002', '电缆布置', '800', '4', '0', '{电缆固定牢固，无引线脱落，安装有序，布线槽轻微损坏}{电缆固定牢固，无引线脱落，但安装杂乱，布线槽存在损坏情况}{电缆无固定，引线脱落，接头松动}', '-');

-- ----------------------------
-- Table structure for eva_model_tur_20200001_mid
-- ----------------------------
DROP TABLE IF EXISTS `eva_model_tur_20200001_mid`;
CREATE TABLE `eva_model_tur_20200001_mid` (
  `id` int(11) NOT NULL,
  `name` varchar(30) NOT NULL,
  `father` int(11) NOT NULL,
  PRIMARY KEY (`id`)
) ENGINE=InnoDB DEFAULT CHARSET=utf8;

-- ----------------------------
-- Records of eva_model_tur_20200001_mid
-- ----------------------------
INSERT INTO `eva_model_tur_20200001_mid` VALUES ('0', '水泵水轮机', '-1');
INSERT INTO `eva_model_tur_20200001_mid` VALUES ('1', '尾水管', '0');
INSERT INTO `eva_model_tur_20200001_mid` VALUES ('2', '蜗壳座环', '0');
INSERT INTO `eva_model_tur_20200001_mid` VALUES ('3', '导水机构', '0');
INSERT INTO `eva_model_tur_20200001_mid` VALUES ('4', '转轮', '0');
INSERT INTO `eva_model_tur_20200001_mid` VALUES ('5', '主轴', '0');
INSERT INTO `eva_model_tur_20200001_mid` VALUES ('6', '水导轴承', '0');
INSERT INTO `eva_model_tur_20200001_mid` VALUES ('7', '主轴密封', '0');
INSERT INTO `eva_model_tur_20200001_mid` VALUES ('8', '自动化元件', '0');
INSERT INTO `eva_model_tur_20200001_mid` VALUES ('101', '尾水管本体', '1');
INSERT INTO `eva_model_tur_20200001_mid` VALUES ('102', '尾水管进人门', '1');
INSERT INTO `eva_model_tur_20200001_mid` VALUES ('201', '蜗壳本体', '2');
INSERT INTO `eva_model_tur_20200001_mid` VALUES ('202', '蜗壳进人门', '2');
INSERT INTO `eva_model_tur_20200001_mid` VALUES ('203', '座环本体', '2');
INSERT INTO `eva_model_tur_20200001_mid` VALUES ('301', '顶盖', '3');
INSERT INTO `eva_model_tur_20200001_mid` VALUES ('302', '底环', '3');
INSERT INTO `eva_model_tur_20200001_mid` VALUES ('303', '活动导叶', '3');
INSERT INTO `eva_model_tur_20200001_mid` VALUES ('304', '导叶套筒、拐臂及连杆', '3');
INSERT INTO `eva_model_tur_20200001_mid` VALUES ('305', '控制环', '3');
INSERT INTO `eva_model_tur_20200001_mid` VALUES ('306', '导叶接力器', '3');
INSERT INTO `eva_model_tur_20200001_mid` VALUES ('400', '-', '4');
INSERT INTO `eva_model_tur_20200001_mid` VALUES ('501', '主轴本体', '5');
INSERT INTO `eva_model_tur_20200001_mid` VALUES ('502', '主轴连接', '5');
INSERT INTO `eva_model_tur_20200001_mid` VALUES ('600', '-', '6');
INSERT INTO `eva_model_tur_20200001_mid` VALUES ('700', '-', '7');
INSERT INTO `eva_model_tur_20200001_mid` VALUES ('800', '-', '8');

-- ----------------------------
-- Table structure for eva_node_threshold_guide
-- ----------------------------
DROP TABLE IF EXISTS `eva_node_threshold_guide`;
CREATE TABLE `eva_node_threshold_guide` (
  `time` int(11) NOT NULL,
  `type` varchar(10) NOT NULL,
  `model_version` int(11) NOT NULL,
  `threshold_version` int(11) NOT NULL,
  PRIMARY KEY (`time`,`type`)
) ENGINE=InnoDB DEFAULT CHARSET=utf8;

-- ----------------------------
-- Records of eva_node_threshold_guide
-- ----------------------------
INSERT INTO `eva_node_threshold_guide` VALUES ('1584847373', 'tur', '20200001', '20200001');

-- ----------------------------
-- Table structure for eva_node_threshold_tur_20200001_20200001
-- ----------------------------
DROP TABLE IF EXISTS `eva_node_threshold_tur_20200001_20200001`;
CREATE TABLE `eva_node_threshold_tur_20200001_20200001` (
  `id` int(11) NOT NULL,
  `float_threshold` varchar(4000) DEFAULT NULL,
  `bool_threshold` varchar(4000) DEFAULT NULL,
  PRIMARY KEY (`id`)
) ENGINE=InnoDB DEFAULT CHARSET=utf8;

-- ----------------------------
-- Records of eva_node_threshold_tur_20200001_20200001
-- ----------------------------
INSERT INTO `eva_node_threshold_tur_20200001_20200001` VALUES ('10101', '#S[1]|B|56{-；-；-；0.70787495；1.0；-；1.2}{-；-；-；0.7291244；1.0；-；1.2}#S[2]|B|768{-；-；-；0.7250005；1.0；-；1.2}{-；-；-；0.7289993；1.0；-；1.2}#S[3]|B|1480{-；-；-；0.69400084；1.0；-；1.2}{-；-；-；0.710374；1.0；-；1.2}#S[4]|B|2192{-；-；-；0.732751；1.0；-；1.2}{-；-；-；0.74662554；1.0；-；1.2}', '-');
INSERT INTO `eva_node_threshold_tur_20200001_20200001` VALUES ('10102', '#S[1]|B|57{-；-；-；0.78；1.1；-；1.3}{-；-；-；0.78；1.1；-；1.3}#S[2]|B|769{-；-；-；0.78075063；1.1；-；1.3}{-；-；-；0.7751261；1.1；-；1.3}#S[3]|B|1481{-；-；-；0.87599945；1.1；-；1.3}{-；-；-；0.86900085；1.1；-；1.3}#S[4]|B|2193{-；-；-；0.7731248；1.1；-；1.3}{-；-；-；0.75999886；1.1；-；1.3}', '-');
INSERT INTO `eva_node_threshold_tur_20200001_20200001` VALUES ('10103', '#S[1]|B|58{-；-；-；0.8263756；1.1；-；1.3}{-；-；-；0.81937516；1.1；-；1.3}#S[2]|B|770{-；-；-；0.91149867；1.1；-；1.3}{-；-；-；0.8925013；1.1；-；1.3}#S[3]|B|1482{-；-；-；0.82；1.1；-；1.3}{-；-；-；0.82；1.1；-；1.3}#S[4]|B|2194{-；-；-；0.8315009；1.1；-；1.3}{-；-；-；0.8100003；1.1；-；1.3}', '-');
INSERT INTO `eva_node_threshold_tur_20200001_20200001` VALUES ('10104', '#S[1]|B|59{-；-；-；0.827876；1.1；-；1.3}{-；-；-；0.8198757；1.1；-；1.3}#S[2]|B|771{-；-；-；0.82750165；1.1；-；1.3}{-；-；-；0.8082502；1.1；-；1.3}#S[3]|B|1483{-；-；-；0.83074975；1.1；-；1.3}{-；-；-；0.8229997；1.1；-；1.3}#S[4]|B|2195{-；-；-；0.82；1.1；-；1.3}{-；-；-；0.82；1.1；-；1.3}', '-');
INSERT INTO `eva_node_threshold_tur_20200001_20200001` VALUES ('20101', '#S[1]|B|50{-；-；-；5.193742；5.5；-；5.8}{-；-；-；5.182483；5.5；-；5.8}#S[2]|B|762{-；-；-；5.1615696；5.5；-；5.8}{-；-；-；5.297819；5.5；-；5.8}#S[3]|B|1474{-；-；-；5.25；5.5；-；5.8}{-；-；-；5.25；5.5；-；5.8}#S[4]|B|2186{-；-；-；5.164404；5.5；-；5.8}{-；-；-；5.3153386；5.5；-；5.8}', '-');
INSERT INTO `eva_node_threshold_tur_20200001_20200001` VALUES ('30101', '#S[1]|B|99{-；-；-；15.106373；100；-；150}{-；-；-；20.525684；100；-；150}#S[2]|B|811{-；-；-；17.681736；100；-；150}{-；-；-；27.418867；100；-；150}#S[3]|B|1523{-；-；-；21.399914；100；-；150}{-；-；-；16.281635；100；-；150}#S[4]|B|2235{-；-；-；20.637291；100；-；150}{-；-；-；12.24976；100；-；150}', '-');
INSERT INTO `eva_node_threshold_tur_20200001_20200001` VALUES ('30102', '#S[1]|B|102{-；-；-；9.187359；80；-；120}{-；-；-；10.168478；80；-；120}#S[2]|B|814{-；-；-；8.593643；80；-；120}{-；-；-；14.243776；80；-；120}#S[3]|B|1526{-；-；-；9.768925；80；-；120}{-；-；-；9.58751；80；-；120}#S[4]|B|2238{-；-；-；12.982011；80；-；120}{-；-；-；8.369859；80；-；120}', '-');
INSERT INTO `eva_node_threshold_tur_20200001_20200001` VALUES ('30103', '#S[1]|B|106{-；-；-；9.743418；100；-；150}{-；-；-；12.3248005；100；-；150}#S[2]|B|818{-；-；-；19.168861；100；-；150}{-；-；-；16.399906；100；-；150}#S[3]|B|1530{-；-；-；42.498913；100；-；150}{-；-；-；42.281662；100；-；150}#S[4]|B|2242{-；-；-；17.1434；100；-；150}{-；-；-；12.6315；100；-；150}', '-');
INSERT INTO `eva_node_threshold_tur_20200001_20200001` VALUES ('30104', '#S[1]|B|479{-；-；-；24.649994；50；65；75}{-；-；-；24.89999；50；65；75}#S[1]|B|480{-；-；-；24.849987；50；65；75}{-；-；-；25.000004；50；65；75}#S[2]|B|1191{-；-；-；24.700006；50；65；75}{-；-；-；25.000004；50；65；75}#S[2]|B|1192{-；-；-；25.250008；50；65；75}{-；-；-；25.199999；50；65；75}#S[3]|B|1903{-；-；-；25.45；50；65；75}{-；-；-；25.55；50；65；75}#S[3]|B|1904{-；-；-；25.2；50；65；75}{-；-；-；25.449986；50；65；75}#S[4]|B|2615{-；-；-；24.94999；50；65；75}{-；-；-；25.050003；50；65；75}#S[4]|B|2616{-；-；-；38.09993；50；65；75}{-；-；-；37.54998；50；65；75}', '-');
INSERT INTO `eva_node_threshold_tur_20200001_20200001` VALUES ('30401', '-', '#F|B|628{-；-；-；0.0；0.5；-；1.0}#F|B|2542{-；-；-；0.0；0.5；-；1.0}#F|B|4456{-；-；-；0.0；0.5；-；1.0}#F|B|6370{-；-；-；0.0；0.5；-；1.0}');
INSERT INTO `eva_node_threshold_tur_20200001_20200001` VALUES ('40001', '#S[1]|B|434{-；-；-；95.00069；220；-；240}{-；-；-；95.00069；220；-；240}#S[1]|B|435{-；-；-；100；220；-；240}{-；-；-；100；220；-；240}#S[2]|B|1146{-；-；-；43.50152；220；-；240}{-；-；-；74.499596；220；-；240}#S[2]|B|1147{-；-；-；48.501297；220；-；240}{-；-；-；67.49973；220；-；240}#S[3]|B|1858{-；-；-；164.49918；220；-；240}{-；-；-；79.49943；220；-；240}#S[3]|B|1859{-；-；-；70.50062；220；-；240}{-；-；-；74.49873；220；-；240}#S[4]|B|2570{-；-；-；85.99817；220；-；240}{-；-；-；78.499886；220；-；240}#S[4]|B|2571{-；-；-；85.99817；220；-；240}{-；-；-；78.499886；220；-；240}', '-');
INSERT INTO `eva_node_threshold_tur_20200001_20200001` VALUES ('40002', '#S[1]|B|438{-；-；-；91.000565；220；-；240}{-；-；-；95.00087；220；-；240}#S[1]|B|439{-；-；-；137.99918；220；-；240}{-；-；-；103.00096；220；-；240}#S[2]|B|1150{-；-；-；45.499443；220；-；240}{-；-；-；88.49903；220；-；240}#S[2]|B|1151{-；-；-；75.49837；220；-；240}{-；-；-；99.998955；220；-；240}#S[3]|B|1862{-；-；-；106.99953；220；-；240}{-；-；-；116.50013；220；-；240}#S[3]|B|1863{-；-；-；100；220；-；240}{-；-；-；100；220；-；240}#S[4]|B|2574{-；-；-；77.998535；220；-；240}{-；-；-；92.00304；220；-；240}#S[4]|B|2575{-；-；-；77.998535；220；-；240}{-；-；-；92.00304；220；-；240}', '-');
INSERT INTO `eva_node_threshold_tur_20200001_20200001` VALUES ('40003', '#S[1]|B|440{-；-；-；99.000595；220；-；240}{-；-；-；112.00009；220；-；240}#S[2]|B|1152{-；-；-；52.00013；220；-；240}{-；-；-；88.00052；220；-；240}#S[3]|B|1864{-；-；-；77.00048；220；-；240}{-；-；-；75.500305；220；-；240}#S[4]|B|2567{-；-；-；80；220；-；240}{-；-；-；80；220；-；240}', '-');
INSERT INTO `eva_node_threshold_tur_20200001_20200001` VALUES ('50101', '#S[1]|B|95{-9；-；-5；1.5074954；8；-；12}{-9；-；-5；1.7012517；8；-；12}#S[2]|B|807{-16；-；-12；-5.543761；-1.0750208；2；-；6}{-16；-；-12；-4.9537663；2；-；6}#S[3]|B|1519{-9；-；-5；1.1225009；8；-；12}{-9；-；-5；1.369373；8；-；12}#S[4]|B|2231{-10；-；-6；0.5412504；7；-；11}{-10；-；-6；0.82687616；7；-；11}', '-');
INSERT INTO `eva_node_threshold_tur_20200001_20200001` VALUES ('60001', '#S[1]|B|465{-；-；-；50.950005；65；-；70}{-；-；-；50.849976；65；-；70}#S[1]|B|466{-；-；-；50.70013；65；-；70}{-；-；-；50.450066；65；-；70}#S[1]|B|467{-；-；-；51.00006；65；-；70}{-；-；-；51.20006；65；-；70}#S[1]|B|468{-；-；-；52.59996；65；-；70}{-；-；-；52.049965；65；-；70}#S[1]|B|469{-；-；-；51.10003；65；-；70}{-；-；-；51.250023；65；-；70}#S[1]|B|470{-；-；-；49.79999；65；-；70}{-；-；-；52.10002；65；-；70}#S[1]|B|471{-；-；-；48.950027；65；-；70}{-；-；-；49.899994；65；-；70}#S[1]|B|472{-；-；-；50.85009；65；-；70}{-；-；-；50.999943；65；-；70}#S[1]|B|473{-；-；-；50.00004；65；-；70}{-；-；-；49.29994；65；-；70}#S[1]|B|474{-；-；-；48.50002；65；-；70}{-；-；-；48.250023；65；-；70}#S[2]|B|1177{-；-；-；53.29996；65；-；70}{-；-；-；53.400097；65；-；70}#S[2]|B|1178{-；-；-；52.550083；65；-；70}{-；-；-；53.34996；65；-；70}#S[2]|B|1179{-；-；-；51.44996；65；-；70}{-；-；-；54.85002；65；-；70}#S[2]|B|1180{-；-；-；51.050014；65；-；70}{-；-；-；55.149956；65；-；70}#S[2]|B|1181{-；-；-；50.80004；65；-；70}{-；-；-；51.500008；65；-；70}#S[2]|B|1182{-；-；-；56.94999；65；-；70}{-；-；-；56.199997；65；-；70}#S[2]|B|1183{-；-；-；49.299927；65；-；70}{-；-；-；50.000034；65；-；70}#S[2]|B|1184{-；-；-；52.950066；65；-；70}{-；-；-；51.4001；65；-；70}#S[2]|B|1185{-；-；-；54.249947；65；-；70}{-；-；-；51.5；65；-；70}#S[2]|B|1186{-；-；-；53.150032；65；-；70}{-；-；-；52.000057；65；-；70}#S[3]|B|1889{-；-；-；51.15006；65；-；70}{-；-；-；50.400063；65；-；70}#S[3]|B|1890{-；-；-；50.349907；65；-；70}{-；-；-；50.550064；65；-；70}#S[3]|B|1891{-；-；-；52.650097；65；-；70}{-；-；-；48.600067；65；-；70}#S[3]|B|1892{-；-；-；53.200043；65；-；70}{-；-；-；49.30001；65；-；70}#S[3]|B|1893{-；-；-；50.399895；65；-；70}{-；-；-；51.299988；65；-；70}#S[3]|B|1894{-；-；-；51.599964；65；-；70}{-；-；-；51.199966；65；-；70}#S[3]|B|1895{-；-；-；50.74997；65；-；70}{-；-；-；51.599945；65；-；70}#S[3]|B|1896{-；-；-；50.89998；65；-；70}{-；-；-；50.749992；65；-；70}#S[3]|B|1897{-；-；-；52.25；65；-；70}{-；-；-；52.249977；65；-；70}#S[3]|B|1898{-；-；-；51.350075；65；-；70}{-；-；-；51.099976；65；-；70}#S[4]|B|2601{-；-；-；49.39998；65；-；70}{-；-；-；51.349964；65；-；70}#S[4]|B|2602{-；-；-；51.999977；65；-；70}{-；-；-；52.85006；65；-；70}#S[4]|B|2603{-；-；-；49.450043；65；-；70}{-；-；-；52.74997；65；-；70}#S[4]|B|2604{-；-；-；51.1501；65；-；70}{-；-；-；53.300026；65；-；70}#S[4]|B|2605{-；-；-；49.649963；65；-；70}{-；-；-；51.40007；65；-；70}#S[4]|B|2606{-；-；-；48.50008；65；-；70}{-；-；-；49.40007；65；-；70}#S[4]|B|2607{-；-；-；53.900013；65；-；70}{-；-；-；49.100044；65；-；70}#S[4]|B|2608{-；-；-；50.00009；65；-；70}{-；-；-；51.49996；65；-；70}#S[4]|B|2609{-；-；-；49.549953；65；-；70}{-；-；-；51.50007；65；-；70}#S[4]|B|2610{-；-；-；53.299873；65；-；70}{-；-；-；48.1；65；-；70}', '-');
INSERT INTO `eva_node_threshold_tur_20200001_20200001` VALUES ('60002', '#S[1]|B|62{-；-；-；22.874985；32；-；40}{-；-；-；22.774998；32；-；40}#S[2]|B|774{-；-；-；22.009361；32；-；40}{-；-；-；；21.931253；32；-；40}#S[3]|B|1486{-；-；-；23.98436；32；-；40}{-；-；-；23.996864；32；-；40}#S[4]|B|2198{-；-；-；23.571873；32；-；40}{-；-；-；23.487522；32；-；40}', '-');
INSERT INTO `eva_node_threshold_tur_20200001_20200001` VALUES ('60003', '#S[1]|B|34{-；-；-；36.668755；45；50；55}{-；-；-；35.17189；45；50；55}#S[1]|B|478{-；-；-；36.20002；45；50；55}{-；-；-；35.350014；45；50；55}#S[2]|B|746{-；-；-；37.73754；45；50；55}{-；-；-；35.928127；45；50；55}#S[2]|B|1190{-；-；-；34.749992；45；50；55}{-；-；-；33.45003；45；50；55}#S[3]|B|1458{-；-；-；39.32814；45；50；55}{-；-；-；36.924973；45；50；55}#S[3]|B|1902{-；-；-；39.849987；45；50；55}{-；-；-；35.849995；45；50；55}#S[4]|B|2170{-；-；-；24.978115；45；50；55}{-；-；-；25.053135；45；50；55}#S[4]|B|2614{-；-；-；39.9；45；50；55}{-；-；-；36.80007；45；50；55}', '-');
INSERT INTO `eva_node_threshold_tur_20200001_20200001` VALUES ('60004', '#S[1]|B|68{-；-；-；1；3；-；5}{-；-；-；1；3；-；5}#S[2]|B|780{-；-；-；1；3；-；5}{-；-；-；1；3；-；5}#S[3]|B|1492{-；-；-；1；3；-；5}{-；-；-；1；3；-；5}#S[4]|B|2204{-；-；-；1；3；-；5}{-；-；-；1；3；-；5}', '-');
INSERT INTO `eva_node_threshold_tur_20200001_20200001` VALUES ('60005', '#TS[1]|B|67{230；-；250；282；310；-；330}#TS[2]|B|779{270；-；290；324；350；-；370}#TS[3]|B|1491{250；-；270；300；330；-；350}#TS[4]|B|2203{210；-；240；257；290；-；310}', '-');
INSERT INTO `eva_node_threshold_tur_20200001_20200001` VALUES ('60006', '#S[1]|B|94{-；-；-；90.90475；150；-；200}{-；-；-；107.62336；150；-；200}#S[2]|B|806{-；-；-；97.251205；150；-；200}{-；-；-；113.500465；150；-；200}#S[3]|B|1518{-；-；-；97.969734；150；-；200}{-；-；-；124.21748；150；-；200}#S[4]|B|2230{-；-；-；102.43644；150；-；200}{-；-；-；128.53055；150；-；200}', '-');
INSERT INTO `eva_node_threshold_tur_20200001_20200001` VALUES ('60007', '#S[1]|B|98{-；-；-；81.25065；150；-；200}{-；-；-；98.56294；150；-；200}#S[2]|B|810{-；-；-；75.62398；150；-；200}{-；-；-；94.62605；150；-；200}#S[3]|B|1522{-；-；-；98.87639；150；-；200}{-；-；-；126.126144；150；-；200}#S[4]|B|2234{-；-；-；105.40703；150；-；200}{-；-；-；129.719；150；-；200}', '-');
INSERT INTO `eva_node_threshold_tur_20200001_20200001` VALUES ('70001', '#S[1]|B|72{-；-；-；36.2375；80；110；130}{-；-；-；36.225；80；110；130}#S[2]|B|784{-；-；-；31.337498；80；110；130}{-；-；-；31.253128；80；110；130}#S[3]|B|1496{-；-；-；55.23125；100；130；150}{-；-；-；55.240627；100；130；150}#S[4]|B|2208{-；-；-；90.850006；140；170；190}{-；-；-；90.8375；140；170；190}', '-');
INSERT INTO `eva_node_threshold_tur_20200001_20200001` VALUES ('70002', '#S[1]|B|60{0.5；-；1；1.1028734；-；-；-}{0.5；-；1；1.3001285；-；-；-}#S[2]|B|772{0.5；-；1；1.1056255；-；-；-}{0.5；-；1；1.2898767；-；-；-}#S[3]|B|1484{0.5；-；1；1.1176265；-；-；-}{0.5；-；1；1.3058732；-；-；-}#S[4]|B|2196{0.5；-；1；1.135；-；-；-}{0.5；-；1；1.1513729；-；-；-}', '-');
INSERT INTO `eva_node_threshold_tur_20200001_20200001` VALUES ('70003', '#S[1]|B|66{2；-；4；12.292568；-；-；-}{2；-；4；20.972006；-；-；-}#S[2]|B|778{2；-；4；14.682947；-；-；-}{2；-；4；22.145641；-；-；-}#S[3]|B|1490{2；-；4；13.347956；-；-；-}{2；-；4；21.07677；-；-；-}#S[4]|B|2202{2；-；4；17.42812；-；-；-}{2；-；4；11.278254；-；-；-}', '-');

-- ----------------------------
-- Table structure for eva_res_tur_20200001_leaf_offline
-- ----------------------------
DROP TABLE IF EXISTS `eva_res_tur_20200001_leaf_offline`;
CREATE TABLE `eva_res_tur_20200001_leaf_offline` (
  `time` int(11) NOT NULL,
  `unit` tinyint(4) NOT NULL,
  `v0` float NOT NULL,
  `v1` float NOT NULL,
  `v2` float NOT NULL,
  `v3` float NOT NULL,
  `v4` float NOT NULL,
  `v5` float NOT NULL,
  `v6` float NOT NULL,
  `v7` float NOT NULL,
  `v8` float NOT NULL,
  `v9` float NOT NULL,
  `v10` float NOT NULL,
  `v11` float NOT NULL,
  `v12` float NOT NULL,
  `v13` float NOT NULL,
  `v14` float NOT NULL,
  `v15` float NOT NULL,
  `v16` float NOT NULL,
  `v17` float NOT NULL,
  `v18` float NOT NULL,
  `v19` float NOT NULL,
  `v20` float NOT NULL,
  `v21` float NOT NULL,
  `v22` float NOT NULL,
  `v23` float NOT NULL,
  `v24` float NOT NULL,
  `v25` float NOT NULL,
  `v26` float NOT NULL,
  `v27` float NOT NULL,
  `v28` float NOT NULL,
  `v29` float NOT NULL,
  `v30` float NOT NULL,
  `v31` float NOT NULL,
  `v32` float NOT NULL,
  `v33` float NOT NULL,
  `v34` float NOT NULL,
  `v35` float NOT NULL,
  `v36` float NOT NULL,
  `v37` float NOT NULL,
  `v38` float NOT NULL,
  `v39` float NOT NULL,
  `v40` float NOT NULL,
  `v41` float NOT NULL,
  `v42` float NOT NULL,
  `v43` float NOT NULL,
  `v44` float NOT NULL,
  `v45` float NOT NULL,
  `v46` float NOT NULL,
  `v47` float NOT NULL,
  `v48` float NOT NULL,
  `v49` float NOT NULL,
  `v50` float NOT NULL,
  `v51` float NOT NULL,
  `v52` float NOT NULL,
  `v53` float NOT NULL,
  `v54` float NOT NULL,
  `v55` float NOT NULL,
  `v56` float NOT NULL,
  `v57` float NOT NULL,
  `v58` float NOT NULL,
  `v59` float NOT NULL,
  `v60` float NOT NULL,
  `v61` float NOT NULL,
  `v62` float NOT NULL,
  `v63` float NOT NULL,
  `v64` float NOT NULL,
  `v65` float NOT NULL,
  `v66` float NOT NULL,
  `v67` float NOT NULL,
  `v68` float NOT NULL,
  `v69` float NOT NULL,
  `v70` float NOT NULL,
  `v71` float NOT NULL,
  `v72` float NOT NULL,
  `v73` float NOT NULL,
  `v74` float NOT NULL,
  `v75` float NOT NULL,
  `v76` float NOT NULL,
  `v77` float NOT NULL,
  `v78` float NOT NULL,
  `v79` float NOT NULL,
  `v80` float NOT NULL,
  `v81` float NOT NULL,
  `v82` float NOT NULL,
  `v83` float NOT NULL,
  `v84` float NOT NULL,
  `v85` float NOT NULL,
  `v86` float NOT NULL,
  `v87` float NOT NULL,
  `v88` float NOT NULL,
  `v89` float NOT NULL,
  `v90` float NOT NULL,
  `v91` float NOT NULL,
  `v92` float NOT NULL,
  `v93` float NOT NULL,
  `v94` float NOT NULL,
  `v95` float NOT NULL,
  `v96` float NOT NULL,
  `v97` float NOT NULL,
  `v98` float NOT NULL,
  `v99` float NOT NULL,
  `v100` float NOT NULL,
  `v101` float NOT NULL,
  `v102` float NOT NULL,
  `v103` float NOT NULL,
  `v104` float NOT NULL,
  `v105` float NOT NULL,
  `v106` float NOT NULL,
  `v107` float NOT NULL,
  `v108` float NOT NULL,
  PRIMARY KEY (`time`,`unit`)
) ENGINE=InnoDB DEFAULT CHARSET=utf8;

-- ----------------------------
-- Records of eva_res_tur_20200001_leaf_offline
-- ----------------------------
INSERT INTO `eva_res_tur_20200001_leaf_offline` VALUES ('1538335000', '1', '1.91338', '3.53939', '3.89921', '1.34377', '0.0938325', '1.84238', '0.712485', '2.2781', '3.58575', '9.61147', '2.35038', '1.91416', '2.51073', '2.20477', '5.28573', '5.55843', '0.137263', '1.13959', '0.112329', '3.96339', '0.997724', '4.4627', '3.51951', '1.59164', '0.619682', '0.949425', '3.50438', '4.18174', '8.68118', '7.4506', '2.39413', '6.25056', '7.97231', '1.08686', '2.47358', '0.905667', '3.01986', '0.726241', '1.60572', '0.557425', '2.9842', '8.74762', '1.84214', '1.39321', '4.51445', '1.51787', '1.81298', '2.25873', '0.678266', '4.89066', '5.54673', '3.98247', '1.09952', '0.0344654', '6.32856', '5.18801', '0.855813', '0.627251', '4.34038', '0.276398', '4.10644', '1.75014', '4.27008', '2.70096', '4.45238', '1.03531', '0.372318', '1.64753', '1.96089', '1.31342', '3.73933', '4.66329', '5.48092', '1.53865', '4.64526', '0.733027', '8.34269', '2.36412', '0.19658', '3.23212', '1.69544', '1.82471', '2.33904', '2.36877', '1.8164', '7.39229', '8.89145', '1.41825', '1.23176', '7.80029', '3.89319', '3.39652', '0.0286409', '0.181072', '5.99358', '4.70805', '0.818769', '4.81836', '2.4252', '4.827', '4.52213', '2.4744', '0.0919509', '2.41128', '0.788573', '0.191573', '4.06975', '2.73641', '1.08885');
INSERT INTO `eva_res_tur_20200001_leaf_offline` VALUES ('1539335000', '1', '0.756338', '1.63078', '2.52902', '2.69875', '0.142782', '5.99982', '5.99098', '4.06264', '6.31426', '6.78482', '2.47688', '0.854185', '1.36821', '1.07496', '2.55625', '4.36642', '8.23133', '1.50531', '0.131373', '1.67641', '3.99547', '1.92919', '2.60919', '7.42682', '1.709', '0.981785', '1.49266', '8.5183', '4.00884', '7.60569', '1.67317', '1.9032', '4.85535', '4.1823', '9.65351', '8.84205', '1.35813', '1.62103', '1.13449', '7.85425', '0.962203', '6.14792', '0.370303', '5.54711', '0.977188', '2.80453', '1.1659', '2.36435', '5.8793', '4.14484', '7.61906', '3.81184', '1.73371', '4.35028', '3.1811', '4.89133', '1.03381', '1.01669', '4.22098', '0.133556', '1.98456', '5.16321', '1.60958', '2.01245', '5.63417', '4.7587', '2.26997', '1.4512', '0.312765', '0.795171', '1.30241', '4.96288', '4.6355', '3.88949', '3.5602', '0.889757', '5.91094', '0.76286', '4.48904', '0.120563', '7.0775', '1.08096', '7.33038', '4.73006', '0.312862', '6.42506', '2.78462', '1.43144', '1.24613', '5.07023', '0.314482', '1.61521', '4.74326', '0.207095', '7.62539', '4.81625', '6.46681', '2.7387', '3.48562', '1.34346', '4.70067', '2.6505', '2.0384', '2.5235', '3.01336', '0.961107', '5.08785', '0.382876', '1.52997');
INSERT INTO `eva_res_tur_20200001_leaf_offline` VALUES ('1539335000', '4', '0.756338', '1.63078', '2.52902', '2.69875', '0.142782', '5.99982', '5.99098', '4.06264', '6.31426', '6.78482', '2.47688', '0.854185', '1.36821', '1.07496', '2.55625', '4.36642', '8.23133', '1.50531', '0.131373', '1.67641', '3.99547', '1.92919', '2.60919', '7.42682', '1.709', '0.981785', '1.49266', '8.5183', '4.00884', '7.60569', '1.67317', '1.9032', '4.85535', '4.1823', '9.65351', '8.84205', '1.35813', '1.62103', '1.13449', '7.85425', '0.962203', '6.14792', '0.370303', '5.54711', '0.977188', '2.80453', '1.1659', '2.36435', '5.8793', '4.14484', '7.61906', '3.81184', '1.73371', '4.35028', '3.1811', '4.89133', '1.03381', '1.01669', '4.22098', '0.133556', '1.98456', '5.16321', '1.60958', '2.01245', '5.63417', '4.7587', '2.26997', '1.4512', '0.312765', '0.795171', '1.30241', '4.96288', '4.6355', '3.88949', '3.5602', '0.889757', '5.91094', '0.76286', '4.48904', '0.120563', '7.0775', '1.08096', '7.33038', '4.73006', '0.312862', '6.42506', '2.78462', '1.43144', '1.24613', '5.07023', '0.314482', '1.61521', '4.74326', '0.207095', '7.62539', '4.81625', '6.46681', '2.7387', '3.48562', '1.34346', '4.70067', '2.6505', '2.0384', '2.5235', '3.01336', '0.961107', '5.08785', '0.382876', '1.52997');

-- ----------------------------
-- Table structure for eva_res_tur_20200001_leaf_online
-- ----------------------------
DROP TABLE IF EXISTS `eva_res_tur_20200001_leaf_online`;
CREATE TABLE `eva_res_tur_20200001_leaf_online` (
  `time` int(11) NOT NULL,
  `unit` tinyint(4) NOT NULL,
  `v1` float NOT NULL,
  `v2` float NOT NULL,
  `v3` float NOT NULL,
  `v4` float NOT NULL,
  `v5` float NOT NULL,
  `v6` float NOT NULL,
  `v7` float NOT NULL,
  `v8` float NOT NULL,
  `v9` float NOT NULL,
  `v10` float NOT NULL,
  `v11` float NOT NULL,
  `v12` float NOT NULL,
  `v13` float NOT NULL,
  `v14` float NOT NULL,
  `v15` float NOT NULL,
  `v16` float NOT NULL,
  `v17` float NOT NULL,
  `v18` float NOT NULL,
  `v19` float NOT NULL,
  `v20` float NOT NULL,
  `v21` float NOT NULL,
  `v22` float NOT NULL,
  `v23` float NOT NULL,
  `v24` float NOT NULL,
  PRIMARY KEY (`time`,`unit`)
) ENGINE=InnoDB DEFAULT CHARSET=utf8;

-- ----------------------------
-- Records of eva_res_tur_20200001_leaf_online
-- ----------------------------
INSERT INTO `eva_res_tur_20200001_leaf_online` VALUES ('1514563199', '1', '8.69272', '6.48433', '5.9639', '5.98759', '12.7167', '8.14285', '7.53627', '8.4451', '6', '10', '50', '50', '7.89247', '8.85037', '11.4678', '2', '6', '7', '13.8495', '7', '8.38728', '26.6042', '16.5632', '23.0335');
INSERT INTO `eva_res_tur_20200001_leaf_online` VALUES ('1514563199', '4', '6.03842', '6.29411', '6.15456', '50', '5', '9.15208', '7.7556', '7.49356', '6', '10', '6.66095', '6.17154', '5', '55.7528', '9', '2', '6', '7', '60', '57.3466', '70', '9.10758', '12.2666', '15.7183');
INSERT INTO `eva_res_tur_20200001_leaf_online` VALUES ('1514649599', '1', '0', '0', '0', '0', '0', '0', '0', '0', '0', '0', '0', '0', '0', '0', '0', '0', '0', '0', '0', '0', '0', '0', '0', '0');
INSERT INTO `eva_res_tur_20200001_leaf_online` VALUES ('1540655999', '1', '5.11562', '5', '5.86345', '5.44174', '11.082', '7.72262', '7.71679', '7.46439', '6.33599', '10', '7.96001', '11.0978', '5.90907', '7.11946', '10.5987', '2.1084', '6.95454', '7', '6.58662', '10.0781', '10.3678', '9.10023', '10.5124', '9.30839');
INSERT INTO `eva_res_tur_20200001_leaf_online` VALUES ('1540742399', '1', '7.46891', '5', '7.46332', '7.66399', '12.1841', '9.11383', '7.61279', '7.74053', '6.23904', '10', '7.32012', '9.26803', '7.77786', '7.11393', '10.0162', '2.04879', '6.81817', '7', '6.5633', '11.2952', '10.4875', '9.09766', '11.6984', '9.98502');

-- ----------------------------
-- Table structure for eva_res_tur_20200001_mid
-- ----------------------------
DROP TABLE IF EXISTS `eva_res_tur_20200001_mid`;
CREATE TABLE `eva_res_tur_20200001_mid` (
  `time_online` int(11) NOT NULL,
  `time_offline` int(11) NOT NULL,
  `unit` tinyint(4) NOT NULL,
  `v1` float NOT NULL,
  `v2` float NOT NULL,
  `v3` float NOT NULL,
  `v4` float NOT NULL,
  `v5` float NOT NULL,
  `v6` float NOT NULL,
  `v7` float NOT NULL,
  `v8` float NOT NULL,
  `v9` float NOT NULL,
  `v10` float NOT NULL,
  `v11` float NOT NULL,
  `v12` float NOT NULL,
  `v13` float NOT NULL,
  `v14` float NOT NULL,
  `v15` float NOT NULL,
  `v16` float NOT NULL,
  `v17` float NOT NULL,
  `v18` float NOT NULL,
  `v19` float NOT NULL,
  `v20` float NOT NULL,
  `v21` float NOT NULL,
  `v22` float NOT NULL,
  `v23` float NOT NULL,
  `v24` float NOT NULL,
  `v25` float NOT NULL,
  `v26` float NOT NULL,
  PRIMARY KEY (`time_online`,`unit`)
) ENGINE=InnoDB DEFAULT CHARSET=utf8;

-- ----------------------------
-- Records of eva_res_tur_20200001_mid
-- ----------------------------
INSERT INTO `eva_res_tur_20200001_mid` VALUES ('1514563199', '1539335000', '1', '50', '8.69272', '12.7167', '10', '50', '8.85037', '13.8495', '26.6042', '1.52997', '8.69272', '6.78482', '12.7167', '8.23133', '7.42682', '9.65351', '7.85425', '7.61906', '10', '4.96288', '7.0775', '50', '8.85037', '4.74326', '13.8495', '26.6042', '1.52997');
INSERT INTO `eva_res_tur_20200001_mid` VALUES ('1514563199', '1539335000', '4', '70', '50', '8.23133', '10', '7.33038', '55.7528', '70', '15.7183', '1.52997', '50', '6.78482', '5', '8.23133', '7.42682', '9.65351', '7.85425', '7.61906', '10', '4.96288', '7.0775', '7.33038', '55.7528', '4.74326', '70', '15.7183', '1.52997');
INSERT INTO `eva_res_tur_20200001_mid` VALUES ('1514649599', '1539335000', '1', '0', '0', '0', '0', '0', '0', '0', '0', '0', '0', '0', '0', '0', '0', '0', '0', '0', '0', '0', '0', '0', '0', '0', '0', '0', '0');
INSERT INTO `eva_res_tur_20200001_mid` VALUES ('1540655999', '1539335000', '1', '11.0978', '6.78482', '11.082', '10', '11.0978', '7.11946', '10.5987', '10.5124', '1.52997', '5.99982', '6.78482', '11.082', '8.23133', '7.42682', '9.65351', '7.85425', '7.61906', '10', '4.96288', '7.0775', '11.0978', '7.11946', '4.74326', '10.5987', '10.5124', '1.52997');
INSERT INTO `eva_res_tur_20200001_mid` VALUES ('1540742399', '1539335000', '1', '12.1841', '7.66399', '12.1841', '10', '9.26803', '7.11393', '11.2952', '11.6984', '1.52997', '7.66399', '6.78482', '12.1841', '8.23133', '7.42682', '9.65351', '7.85425', '7.61906', '10', '4.96288', '7.0775', '9.26803', '7.11393', '4.74326', '11.2952', '11.6984', '1.52997');
