<?xml version="1.0" encoding="UTF-8"?>
<!DOCTYPE generatorConfiguration
        PUBLIC "-//mybatis.org//DTD MyBatis Generator Configuration 1.0//EN"
        "http://mybatis.org/dtd/mybatis-generator-config_1_0.dtd">

<generatorConfiguration>

    <context id="mysqlgenerator" targetRuntime="MyBatis3DynamicSql">
        <commentGenerator>
            <property name="suppressAllComments" value="true"/>
        </commentGenerator>
        <!--数据库连接信息-->
        <jdbcConnection driverClass="com.mysql.jdbc.Driver"
                        connectionURL="jdbc:mysql://rm-bp19iox2b2ef33bgevo.mysql.rds.aliyuncs.com:3306/hdy?useUnicode=true&amp;characterEncoding=UTF-8&amp;serverTimezone=UTC&amp;verifyServerCertificate=false&amp;useSSL=false"
                        userId="huake"
                        password="huake@123"/>

        <javaModelGenerator targetPackage="com.huake.device.domain.generator" targetProject="src/main/java"/>
        <javaClientGenerator targetPackage="com.huake.device.dao.generator" targetProject="src/main/java"/>

        <table tableName="%" />
    </context>
</generatorConfiguration>