<?xml version="1.0" encoding="UTF-8"?>
<configuration debug="true">
    <contextName>logback</contextName>
    <property name="log.path" value="logs" />

    <appender name="console" class="ch.qos.logback.core.ConsoleAppender">
        <filter class="ch.qos.logback.classic.filter.ThresholdFilter">
            <level>debug</level>
        </filter>
        <encoder>
            <pattern>%d{HH:mm:ss.SSS} %contextName [%thread] %-5level %logger{36} - %msg%n
            </pattern>
        </encoder>
    </appender>

    <appender name="file" class="ch.qos.logback.core.rolling.RollingFileAppender">
        <file>${log.path}/log.log</file>
        <rollingPolicy class="ch.qos.logback.core.rolling.TimeBasedRollingPolicy">
            <fileNamePattern>${log.path}/log-%d{yyyy-MM-dd}.log</fileNamePattern>
        </rollingPolicy>

        <encoder>
            <pattern>%date %level [%thread] %logger{36} [%file : %line] %msg%n
            </pattern>
        </encoder>
    </appender>

    <appender name="error" class="ch.qos.logback.core.rolling.RollingFileAppender">
        <file>${log.path}/error.log</file>
        <rollingPolicy class="ch.qos.logback.core.rolling.TimeBasedRollingPolicy">
            <fileNamePattern>${log.path}/error-%d{yyyy-MM-dd}.log</fileNamePattern>
        </rollingPolicy>

        <encoder>
            <pattern>%date %level [%thread] %logger{36} [%file : %line] %msg%n
            </pattern>
        </encoder>
        <!-- 此日志文件只记录ERROR级别的 -->
        <filter class="ch.qos.logback.classic.filter.LevelFilter">
            <level>ERROR</level>
            <onMatch>ACCEPT</onMatch>
            <onMismatch>DENY</onMismatch>
        </filter>
    </appender>

    <root level="ERROR">
        <appender-ref ref="console" />
        <appender-ref ref="file" />
        <appender-ref ref="error" />
    </root>
    <logger name="org.mybatis" level="ERROR" />
    <logger name="org.springframework" level="ERROR" />
    <logger name="com.huake.device" level="DEBUG" />
</configuration>